Title,Summary,Content,URL,Contributor,Combined,Text,Embedding
Quy trình đăng ký trực tuyến ở ký túc xá năm học 2021 – 2022,Quy trình đăng ký trực tuyến ở ký túc xá năm học 2021 – 2023,"""I. GIỚI THIỆU PHÒNG Ở TẠI CÁC NHÀ KÝ TÚC XÁ: https://hanu.vn/a/83883/Gioi-thieu-Ky-tuc-xa-Truong-Dai-hoc-Ha-Noi-nam-hoc-2021-2020 II. ĐỐI TƯỢNG 1. Sinh viên Trường Đại học Hà Nội hiện đang ở tại KTX và muốn ở tiếp sẽ gia hạn hợp đồng và nộp tiền tạm ứng từ ngày 20/9/2021 đến hết ngày 30/9/2021. Ký gia hạn hợp đồng khi tới nhận phòng. 2. Sinh viên đăng ký ở mới sẽ ký hợp đồng và nộp tiền tạm ứng từ ngày 20/9/2021 đến hết ngày 30/9/2021. Ký hợp đồng khi tới nhận phòng. 3. Các đối tượng khác có nhu cầu ở ký túc xá phải đăng ký, ký hợp đồng và nộp tiền tạm ứng từ ngày 1/10/2021 (nếu còn chỗ). III. MỨC THU Mức thu tiền ở ký túc xá áp dụng theo Bảng giá. Tiền tạm ứng: 1.000.000 đồng. Khi sinh viên nhận phòng và vào ở chính thức, Phòng Tài chính – Kế toán sẽ tính toán bù trừ và thu khoản tiền ở còn thiếu. IV. ĐĂNG KÝ VÀ LÀM HỢP ĐỒNG 1. Đăng ký trực tiếp Khi điều kiện phòng chống dịch cho phép, sinh viên có thể đăng ký và làm hợp đồng trực tiếp tại Phòng Quản lý sinh viên nội trú phòng 102, Nhà D7. 2. Đăng ký trực tuyến (khuyến khích trong giai đoạn dịch bệnh Covid). - Đăng ký trực tuyến: https://forms.gle/ShPBi69NQ8bngzHX8 - Các trang Facebook hỗ trợ: https://www.facebook.com/ktxhanu/ (nhắn tin trong inbox) hoặc trang Facebook: https://www.facebook.com/hanutuyensinh (nhắn tin trong inbox) - Số điện thoại hotline hỗ trợ: 0867.602.560 (từ 7h30 đến 21h00). V. PHƯƠNG THỨC NỘP TIỀN 1. Nộp tiền mặt - Khi điều kiện phòng chống dịch cho phép, sinh viên có thể nộp tiền tại Phòng Tài chính-Kế toán, Phòng 106, Nhà A, Trường Đại học Hà Nội. 2. Nộp trực",https://hanu.edu.vn/a/83880/QUY-TRINH-DANG-KY-TRUC-TUYEN-O-KY-TUC-XA-NAM-HOC-2021-2022/,,"Title: Quy trình đăng ký trực tuyến ở ký túc xá năm học 2021 – 2022
Summary: Quy trình đăng ký trực tuyến ở ký túc xá năm học 2021 – 2023
Content: ""I. GIỚI THIỆU PHÒNG Ở TẠI CÁC NHÀ KÝ TÚC XÁ: https://hanu.vn/a/83883/Gioi-thieu-Ky-tuc-xa-Truong-Dai-hoc-Ha-Noi-nam-hoc-2021-2020 II. ĐỐI TƯỢNG 1. Sinh viên Trường Đại học Hà Nội hiện đang ở tại KTX và muốn ở tiếp sẽ gia hạn hợp đồng và nộp tiền tạm ứng từ ngày 20/9/2021 đến hết ngày 30/9/2021. Ký gia hạn hợp đồng khi tới nhận phòng. 2. Sinh viên đăng ký ở mới sẽ ký hợp đồng và nộp tiền tạm ứng từ ngày 20/9/2021 đến hết ngày 30/9/2021. Ký hợp đồng khi tới nhận phòng. 3. Các đối tượng khác có nhu cầu ở ký túc xá phải đăng ký, ký hợp đồng và nộp tiền tạm ứng từ ngày 1/10/2021 (nếu còn chỗ). III. MỨC THU Mức thu tiền ở ký túc xá áp dụng theo Bảng giá. Tiền tạm ứng: 1.000.000 đồng. Khi sinh viên nhận phòng và vào ở chính thức, Phòng Tài chính – Kế toán sẽ tính toán bù trừ và thu khoản tiền ở còn thiếu. IV. ĐĂNG KÝ VÀ LÀM HỢP ĐỒNG 1. Đăng ký trực tiếp Khi điều kiện phòng chống dịch cho phép, sinh viên có thể đăng ký và làm hợp đồng trực tiếp tại Phòng Quản lý sinh viên nội trú phòng 102, Nhà D7. 2. Đăng ký trực tuyến (khuyến khích trong giai đoạn dịch bệnh Covid). - Đăng ký trực tuyến: https://forms.gle/ShPBi69NQ8bngzHX8 - Các trang Facebook hỗ trợ: https://www.facebook.com/ktxhanu/ (nhắn tin trong inbox) hoặc trang Facebook: https://www.facebook.com/hanutuyensinh (nhắn tin trong inbox) - Số điện thoại hotline hỗ trợ: 0867.602.560 (từ 7h30 đến 21h00). V. PHƯƠNG THỨC NỘP TIỀN 1. Nộp tiền mặt - Khi điều kiện phòng chống dịch cho phép, sinh viên có thể nộp tiền tại Phòng Tài chính-Kế toán, Phòng 106, Nhà A, Trường Đại học Hà Nội. 2. Nộp trực
URL: https://hanu.edu.vn/a/83880/QUY-TRINH-DANG-KY-TRUC-TUYEN-O-KY-TUC-XA-NAM-HOC-2021-2022/","Title: Quy trình đăng ký trực tuyến ở ký túc xá năm học 2021 – 2022
Summary: Quy trình đăng ký trực tuyến ở ký túc xá năm học 2021 – 2023
Content: ""I. GIỚI THIỆU PHÒNG Ở TẠI CÁC NHÀ KÝ TÚC XÁ: https://hanu.vn/a/83883/Gioi-thieu-Ky-tuc-xa-Truong-Dai-hoc-Ha-Noi-nam-hoc-2021-2020 II. ĐỐI TƯỢNG 1. Sinh viên Trường Đại học Hà Nội hiện đang ở tại KTX và muốn ở tiếp sẽ gia hạn hợp đồng và nộp tiền tạm ứng từ ngày 20/9/2021 đến hết ngày 30/9/2021. Ký gia hạn hợp đồng khi tới nhận phòng. 2. Sinh viên đăng ký ở mới sẽ ký hợp đồng và nộp tiền tạm ứng từ ngày 20/9/2021 đến hết ngày 30/9/2021. Ký hợp đồng khi tới nhận phòng. 3. Các đối tượng khác có nhu cầu ở ký túc xá phải đăng ký, ký hợp đồng và nộp tiền tạm ứng từ ngày 1/10/2021 (nếu còn chỗ). III. MỨC THU Mức thu tiền ở ký túc xá áp dụng theo Bảng giá. Tiền tạm ứng: 1.000.000 đồng. Khi sinh viên nhận phòng và vào ở chính thức, Phòng Tài chính – Kế toán sẽ tính toán bù trừ và thu khoản tiền ở còn thiếu. IV. ĐĂNG KÝ VÀ LÀM HỢP ĐỒNG 1. Đăng ký trực tiếp Khi điều kiện phòng chống dịch cho phép, sinh viên có thể đăng ký và làm hợp đồng trực tiếp tại Phòng Quản lý sinh viên nội trú phòng 102, Nhà D7. 2. Đăng ký trực tuyến (khuyến khích trong giai đoạn dịch bệnh Covid). - Đăng ký trực tuyến: https://forms.gle/ShPBi69NQ8bngzHX8 - Các trang Facebook hỗ trợ: https://www.facebook.com/ktxhanu/ (nhắn tin trong inbox) hoặc trang Facebook: https://www.facebook.com/hanutuyensinh (nhắn tin trong inbox) - Số điện thoại hotline hỗ trợ: 0867.602.560 (từ 7h30 đến 21h00). V. PHƯƠNG THỨC NỘP TIỀN 1. Nộp tiền mặt - Khi điều kiện phòng chống dịch cho phép, sinh viên có thể nộp tiền tại Phòng Tài chính-Kế toán, Phòng 106, Nhà A, Trường Đại học Hà Nội. 2. Nộp trực","[-0.07091556, 0.006990952, 0.010789267, -0.025335785, 0.016086375, -0.01298613, -0.0032901617, 0.046893787, -0.007350252, -0.029893763, 0.014690238, 0.040857546, -0.007201399, 0.01643541, -0.010604484, -0.022522978, -0.058637764, -0.0017233569, -0.021044716, 0.012832144, 0.007237329, 0.023323705, -0.0034107838, 0.029031442, 0.037100296, -0.01909423, 0.007078211, -0.0069704205, 0.0077249506, -0.030673956, 0.0054664933, -0.027737962, -0.0031798054, 0.0072937906, -0.048700552, 0.04508702, -0.03100246, 0.04993244, -0.009978275, -0.052765775, 0.0038419438, 0.0055280877, -0.013571275, -0.020264521, -0.023857523, 0.08282379, -0.04091914, -0.04927543, 0.006985819, 0.05194452, -0.02211235, -0.038824935, 0.02239979, 0.03217275, -0.030324923, 0.0086232005, 0.0029950223, 0.018509084, 0.026198106, 0.007062812, 0.008864445, -0.015029007, 0.021886505, 0.019730704, 0.0019594685, -0.022420323, -0.017615966, 0.018919714, -0.0064622676, -0.012400984, 0.008648865, 0.035642564, 0.027614774, 0.014012701, -0.015172727, 0.045251273, -0.06951942, 0.040385325, 0.026752453, -0.04722229, 0.004547712, 0.005969513, -0.030776614, 0.016035046, -0.020593025, 0.0054254304, -0.0758431, -0.0052355146, -0.05095901, -0.05178027, 0.015388307, 0.07604842, -0.033363573, 0.022728294, 0.06648077, 0.031556807, -0.033671547, -0.074734405, -0.0031592739, -0.0010734089, 0.02927782, -0.027861152, 0.03258338, 0.009634374, 0.032768164, -0.002938561, -0.05810395, 0.04993244, 0.010358106, -0.021475876, -0.066234395, 0.00892604, 0.07452909, 0.007165469, 0.01679471, -0.023303173, -0.011969824, -0.005379235, -0.006682981, -0.038722277, 0.027758494, 0.024843032, -0.0142898755, -0.01050696, 0.0126986895, 0.011579727, -0.026054386, -0.020644354, -0.08803877, -0.017451717, -0.00066085544, -0.011702916, -0.006087569, 0.013088787, -0.02541791, -0.0062312894, -0.00078981847, 0.03642276, -0.0006743292, -0.040097885, 0.060608782, -0.008751522, -0.0013781723, 0.038804404, -0.034349084, -0.010563421, -0.019207153, 0.0356015, -0.018786259, 0.018478287, 0.02613651, 0.027039893, 0.046729535, -0.002059559, 0.02915463, 0.020182395, -0.06229236, 0.07912813, -0.021208968, 0.045579776, -0.02757371, 0.0028025403, 0.04200731, 0.017975267, -0.009711366, -0.0027075824, -0.009547115, -0.05083582, -0.07604842, 0.025171533, 0.00047414773, -0.047715046, 0.018170316, 0.050876886, 0.008818249, -0.058350325, 0.03133096, 0.021824911, -0.016065843, 0.017379856, -0.03289135, -0.011436007, 0.02166066, -0.04200731, -0.075103976, -0.05120539, -0.009475255, -0.015449901, -0.009008165, 0.039297156, 0.013940841, -0.042089432, -0.017523576, -0.04545659, -0.007355385, 0.00010361956, 0.0043834606, -0.014916084, 0.0035160074, -0.037962615, 0.0067959037, 0.010553155, -0.04549765, -0.0399131, 0.037695706, -0.021147374, -0.0022520414, 0.02496622, 0.0068985606, -0.025356317, 0.0219481, 0.00070191827, -0.00223151, 0.012811612, -0.028148592, 0.030345455, -0.018673336, 0.032234345, 0.006174828, 0.008797718, -0.009454723, -0.013612338, 0.006457135, 0.0055075563, 0.005574283, 0.04348557, 0.044265766, 0.0233853, -0.002812806, -0.07592523, -0.018170316, 0.024309214, -0.020449305, -0.042992815, 0.03531406, -0.031946905, 0.0046785995, -0.016640725, -0.07075131, 0.027963808, 0.0034338818, 0.0007551717, -0.036196914, 0.008027789, -0.012616564, -0.036587007, -0.016158236, -0.029770574, -0.0027666104, 0.0284155, -0.0005338172, 0.030016951, 0.006128632, -0.05038413, -0.019751236, -0.021044716]"
Quy trình đăng ký trực tuyến ở ký túc xá năm học 2021 – 2022,Quy trình đăng ký trực tuyến ở ký túc xá năm học 2021 – 2023,"tuyến (khuyến khích trong giai đoạn dịch bệnh Covid) Người ở có thể nộp tiền ở ký túc xá trực tuyến qua một trong các hình thức. Xem hướng dẫn tại đây. - Thanh toán qua ứng dụng SmartBanking của Ngân hàng Đầu tư và Phát triển Việt Nam (BIDV) (miễn phí). - Thanh toán qua hệ thống ATM (miễn phí). - Thanh toán tại quầy giao dịch của Ngân hàng BIDV. - Thanh toán qua ứng dụng E-Banking của các Ngân hàng khác ngân hàng BIDV. 3. Lưu ý về tài chính: - Người ở ký túc xá nộp tiền ở một lần cho cả Hợp đồng ở nội trú, Hợp đồng được ký từ thời điểm được nhận phòng đến hết năm học tức là hết tháng 6/2022. - Trường hợp đặc biệt sinh viên gặp khó khăn về tài chính hoặc sinh viên thuộc diện gia đình chính sách, hộ nghèo có thể xin phép nộp 02 đợt nhưng phải viết đơn gửi Phòng Quản lý sinh viên nội trú xác nhận và Phòng Tài chính-Kế toán duyệt đồng ý. - Tiền tạm ứng (1.000.000đ) phải nộp chậm nhất là 01 ngày (không kể ngày nghỉ) sau khi đăng ký ở, nếu không việc đăng ký chỗ ở sẽ bị hủy. - Tiền ở phải nộp chậm nhất là 01 ngày (không kể ngày nghỉ) sau khi ký hợp đồng, nhận phòng và vào ở chính thức. VI. Mọi thông tin hoặc thắc mắc xin gửi về địa chỉ Phòng Quản lý sinh viên nội trú – Tầng 1, Nhà D7, Trường đại học Hà Nội. Email: ktxhanu@hanu.edu.vn Facebook: www.facebook.com/ktxhanu (nhắn tin trong inbox). Điện thoại: 024.3553.4067 (24/24h), Hotline: 0867.602.560 (từ 7h30 đến 21h00). Nhà trường thông báo để sinh viên, người có nhu cầu biết và",https://hanu.edu.vn/a/83880/QUY-TRINH-DANG-KY-TRUC-TUYEN-O-KY-TUC-XA-NAM-HOC-2021-2022/,,"Title: Quy trình đăng ký trực tuyến ở ký túc xá năm học 2021 – 2022
Summary: Quy trình đăng ký trực tuyến ở ký túc xá năm học 2021 – 2023
Content: tuyến (khuyến khích trong giai đoạn dịch bệnh Covid) Người ở có thể nộp tiền ở ký túc xá trực tuyến qua một trong các hình thức. Xem hướng dẫn tại đây. - Thanh toán qua ứng dụng SmartBanking của Ngân hàng Đầu tư và Phát triển Việt Nam (BIDV) (miễn phí). - Thanh toán qua hệ thống ATM (miễn phí). - Thanh toán tại quầy giao dịch của Ngân hàng BIDV. - Thanh toán qua ứng dụng E-Banking của các Ngân hàng khác ngân hàng BIDV. 3. Lưu ý về tài chính: - Người ở ký túc xá nộp tiền ở một lần cho cả Hợp đồng ở nội trú, Hợp đồng được ký từ thời điểm được nhận phòng đến hết năm học tức là hết tháng 6/2022. - Trường hợp đặc biệt sinh viên gặp khó khăn về tài chính hoặc sinh viên thuộc diện gia đình chính sách, hộ nghèo có thể xin phép nộp 02 đợt nhưng phải viết đơn gửi Phòng Quản lý sinh viên nội trú xác nhận và Phòng Tài chính-Kế toán duyệt đồng ý. - Tiền tạm ứng (1.000.000đ) phải nộp chậm nhất là 01 ngày (không kể ngày nghỉ) sau khi đăng ký ở, nếu không việc đăng ký chỗ ở sẽ bị hủy. - Tiền ở phải nộp chậm nhất là 01 ngày (không kể ngày nghỉ) sau khi ký hợp đồng, nhận phòng và vào ở chính thức. VI. Mọi thông tin hoặc thắc mắc xin gửi về địa chỉ Phòng Quản lý sinh viên nội trú – Tầng 1, Nhà D7, Trường đại học Hà Nội. Email: ktxhanu@hanu.edu.vn Facebook: www.facebook.com/ktxhanu (nhắn tin trong inbox). Điện thoại: 024.3553.4067 (24/24h), Hotline: 0867.602.560 (từ 7h30 đến 21h00). Nhà trường thông báo để sinh viên, người có nhu cầu biết và
URL: https://hanu.edu.vn/a/83880/QUY-TRINH-DANG-KY-TRUC-TUYEN-O-KY-TUC-XA-NAM-HOC-2021-2022/","Title: Quy trình đăng ký trực tuyến ở ký túc xá năm học 2021 – 2022
Summary: Quy trình đăng ký trực tuyến ở ký túc xá năm học 2021 – 2023
Content: tuyến (khuyến khích trong giai đoạn dịch bệnh Covid) Người ở có thể nộp tiền ở ký túc xá trực tuyến qua một trong các hình thức. Xem hướng dẫn tại đây. - Thanh toán qua ứng dụng SmartBanking của Ngân hàng Đầu tư và Phát triển Việt Nam (BIDV) (miễn phí). - Thanh toán qua hệ thống ATM (miễn phí). - Thanh toán tại quầy giao dịch của Ngân hàng BIDV. - Thanh toán qua ứng dụng E-Banking của các Ngân hàng khác ngân hàng BIDV. 3. Lưu ý về tài chính: - Người ở ký túc xá nộp tiền ở một lần cho cả Hợp đồng ở nội trú, Hợp đồng được ký từ thời điểm được nhận phòng đến hết năm học tức là hết tháng 6/2022. - Trường hợp đặc biệt sinh viên gặp khó khăn về tài chính hoặc sinh viên thuộc diện gia đình chính sách, hộ nghèo có thể xin phép nộp 02 đợt nhưng phải viết đơn gửi Phòng Quản lý sinh viên nội trú xác nhận và Phòng Tài chính-Kế toán duyệt đồng ý. - Tiền tạm ứng (1.000.000đ) phải nộp chậm nhất là 01 ngày (không kể ngày nghỉ) sau khi đăng ký ở, nếu không việc đăng ký chỗ ở sẽ bị hủy. - Tiền ở phải nộp chậm nhất là 01 ngày (không kể ngày nghỉ) sau khi ký hợp đồng, nhận phòng và vào ở chính thức. VI. Mọi thông tin hoặc thắc mắc xin gửi về địa chỉ Phòng Quản lý sinh viên nội trú – Tầng 1, Nhà D7, Trường đại học Hà Nội. Email: ktxhanu@hanu.edu.vn Facebook: www.facebook.com/ktxhanu (nhắn tin trong inbox). Điện thoại: 024.3553.4067 (24/24h), Hotline: 0867.602.560 (từ 7h30 đến 21h00). Nhà trường thông báo để sinh viên, người có nhu cầu biết và","[-0.061051138, -0.0044001513, 0.009377034, -0.003656065, 0.022719096, -0.030525569, 0.0070289136, 0.05351243, -0.008990831, -0.024160925, 0.010545946, 0.035180613, 0.0028141402, 0.020412171, 0.001399346, 0.0068538347, -0.047250777, 0.007765276, -0.016797302, 0.00031427355, 0.02580873, 0.02755952, 0.004376979, 0.005051549, 0.024943633, -0.027168168, -0.0014894602, -0.024572877, -0.0044902656, -0.036025114, 0.008954785, -0.027435936, 0.019722154, 0.01571593, -0.055860553, 0.07126752, -0.010566543, 0.03997984, 0.0077034836, -0.049887266, -0.013491395, -0.0031617237, 0.002182053, -0.028218642, -0.023831364, 0.069619715, -0.022801487, -0.053141676, 0.0060556796, 0.04255454, -0.0055355914, -0.036787223, 0.018434806, 0.022039378, -0.035098225, 0.002520625, 0.007615944, 0.036622442, 0.040721357, 0.011143275, -0.001358151, -0.029825252, -0.0065448713, -0.0010865207, 0.009989811, -0.019619165, -0.027271155, 0.0395061, -0.027847886, 0.00062886893, -0.008898142, 0.0078991605, 0.037096187, 0.007070109, 0.010412062, 0.022410134, -0.046838827, 0.03756993, 0.043913975, -0.052853312, 0.029207325, -0.0081978245, -0.03235875, 0.037178576, -0.050628778, 0.02234834, -0.058085088, 0.011029988, -0.026261875, -0.043831587, 0.013285419, 0.06780713, -0.023172243, 0.03167903, 0.06867223, 0.028980752, -0.051123116, -0.089228585, -0.012821974, 0.008002148, 0.019876635, -0.011235964, 0.04329605, 0.0016465166, 0.015612942, 0.010077351, -0.036601845, 0.05310048, -0.022121768, -0.0029428748, -0.06916657, 0.006761146, 0.036704835, 0.017198954, 0.05009324, -0.024140328, -0.015520253, 0.0022541443, -0.008728212, -0.045602974, 0.031473055, 0.002408626, -0.008970233, -0.024202121, 0.0036586397, 0.012955858, -0.05656087, 0.004873895, -0.073986396, -0.033265043, 0.017806582, 0.025190802, 0.0046550464, 0.010906402, -0.016210271, 0.00094555627, 0.0039882003, 0.044861462, 0.0042920145, -0.050216824, 0.059568115, -0.021462647, 0.014778742, 0.016766405, -0.03606631, -0.0032930332, -0.023048658, 0.037343357, -0.027209362, 0.018815862, 0.023563597, 0.027786095, 0.037611127, -0.011864188, 0.038908772, 0.023234036, -0.062781334, 0.08358485, -0.021792207, 0.029330911, -0.016323557, 0.0043306346, 0.045685366, 0.010679829, -0.0014675754, -0.020525457, -0.012595401, -0.054624703, -0.046962414, 0.034233127, -0.0019387443, -0.02648845, 0.033676993, 0.03876459, -0.021081591, -0.055901747, 0.019938428, 0.01722985, -0.0046524713, 0.022966268, -0.01900124, -0.019310202, 0.016704613, -0.036086906, -0.04638568, -0.043708, -0.0033728487, -0.017559411, -0.0018138717, 0.029990032, 0.019536776, -0.022039378, -0.015499656, -0.040309403, -0.029825252, 0.024305109, 0.013130938, -0.0015692757, 0.0017404929, -0.0580027, -0.0023931777, 0.001833182, -0.04436712, -0.025870522, 0.010721024, -0.018465703, 0.0019091354, -0.00020758467, 0.0048764697, -0.020298885, 0.03598392, -0.01420201, -0.014171114, 0.0016014595, -0.025026023, 0.024202121, -0.0043975767, 0.035860334, 0.021071292, -0.0025141884, -0.012605701, -0.035324797, 0.0016297811, -0.0010350269, 0.0035839735, 0.024758255, 0.05396558, 0.019186618, 0.0065242737, -0.07493389, -0.010010409, 0.026426656, 0.0035994218, -0.035283603, 0.043048877, -0.008290513, 0.0068435357, 0.0021073867, -0.07299771, 0.01958827, 0.005674625, 0.01589101, -0.03656065, 0.018867355, -0.007739529, -0.021874597, -0.0077601266, -0.019258708, 0.0067765936, 0.04078315, -0.0009635791, 0.039073553, -0.00622046, -0.053924385, -0.030051824, -0.020381276]"
Quy trình đăng ký trực tuyến ở ký túc xá năm học 2021 – 2022,Quy trình đăng ký trực tuyến ở ký túc xá năm học 2021 – 2023,"thực hiện đúng thời hạn.""",https://hanu.edu.vn/a/83880/QUY-TRINH-DANG-KY-TRUC-TUYEN-O-KY-TUC-XA-NAM-HOC-2021-2022/,,"Title: Quy trình đăng ký trực tuyến ở ký túc xá năm học 2021 – 2022
Summary: Quy trình đăng ký trực tuyến ở ký túc xá năm học 2021 – 2023
Content: thực hiện đúng thời hạn.""
URL: https://hanu.edu.vn/a/83880/QUY-TRINH-DANG-KY-TRUC-TUYEN-O-KY-TUC-XA-NAM-HOC-2021-2022/","Title: Quy trình đăng ký trực tuyến ở ký túc xá năm học 2021 – 2022
Summary: Quy trình đăng ký trực tuyến ở ký túc xá năm học 2021 – 2023
Content: thực hiện đúng thời hạn.""","[-0.03125998, 0.035421006, 0.00027590984, -0.048845027, 0.04733953, 0.020083753, -0.0047308165, 0.043575786, -0.034270976, 0.04048115, 0.027914431, 0.009717776, -0.01591227, 0.01431268, 0.0028411036, -0.00865661, -0.067580104, -0.004770022, 0.0086357, -0.030967245, 0.020240575, -0.013685389, -0.0039885226, 0.04575039, 0.032744568, -0.038933836, -0.0016374898, 0.025551636, 0.009325719, -0.0088447975, -0.0031077021, -0.02985903, -0.003097247, -0.0036199894, 0.0018282906, 0.034229156, -0.015891362, 0.031113612, -0.0016819228, -0.079875, -0.0036435127, -0.028478991, -0.00531106, -0.005509702, -0.026367113, 0.056957982, -0.04788318, -0.059592605, 0.030277224, 0.04851047, -0.025488907, -0.023084292, 0.0129326405, 0.05587068, -0.0144695025, 0.0029508793, 0.02193426, 0.035128273, 0.000948777, 0.036926504, -0.0077470387, 0.0016191938, -0.015901815, -0.006759056, 0.008745476, -0.030151768, -0.026680758, 0.016006364, -0.006351317, -0.023878861, -0.0076999916, 0.005509702, 0.009655047, 0.011249411, -0.007605898, 0.043826703, -0.051563285, 0.061558116, 0.04867775, -0.06494548, 0.0032096368, 0.02789352, -0.022352453, -0.0025379132, -0.035441916, 0.06118174, -0.058756217, 0.006513367, 0.002195517, -0.016027274, -0.020261485, 0.06833285, 0.0016335692, 0.0420912, 0.051437825, 0.0001331359, -0.055619765, -0.083011456, -0.026910765, 0.015985455, 0.011667605, -0.040104777, 0.031489987, -0.016403649, -0.0083220545, -0.009262991, -0.042990312, 0.031552717, -0.025363449, -0.046001308, -0.056288876, 0.0049921875, 0.040439334, -0.0012094947, 0.038892016, -0.029357199, 0.0041270494, 0.009702094, -0.0038055629, -0.022352453, -0.0042525074, 0.02027194, -0.019435553, -0.032347284, 0.011238956, 0.023607034, -0.03002631, 0.015556806, -0.06950379, -0.017260946, 0.030319044, 0.022770647, -0.006455865, -0.01360175, -0.029189922, 0.00018982074, -0.012639905, 0.004743885, -0.025426177, -0.028792636, 0.032890934, -0.014051309, -0.0026084832, 0.05603796, -0.06185085, -0.007119748, -0.014197676, 0.04984869, 0.015389529, 0.0013231911, -0.032807298, 0.016978664, 0.038787466, 0.035630103, 0.0278517, -0.0020308532, -0.05164692, 0.039080203, -0.008975483, 0.028186256, -0.008295918, 0.013288105, 0.019226456, 0.021557886, 0.005287537, -0.01698912, 0.010088923, -0.049095944, -0.06745464, -0.0024882527, 0.014824967, -0.03533737, 0.027558966, 0.020564675, -0.006455865, -0.0341037, 0.0058965315, -0.01698912, -0.009853689, 0.03581829, -0.006330407, 0.013758573, -0.022519732, -0.022038808, -0.06732919, -0.047757722, 0.01567181, -0.022373363, 0.023795223, -0.004770022, -0.024067048, -0.009618456, 0.0060585816, -0.04192392, -0.03588102, 0.005467883, 0.01429177, -0.050894175, 0.040313873, -0.03918475, -0.017344585, 0.008583426, -0.07732402, -0.046921335, 0.03339277, -0.026868947, 0.0006263104, -0.0126817245, -0.028395353, -0.0025993353, 0.040941164, 0.002773147, 0.01932055, 0.0144590475, -0.005964488, -0.0013310321, -0.0162991, 0.026827127, 0.05587068, -0.0014205518, -0.021108327, -0.013309015, 0.018410979, -0.011071678, -0.009576636, 0.019749198, 0.04276031, 0.020711044, -0.020784227, -0.03991659, -0.021620614, 0.019027814, 0.0015094179, -0.04000023, 0.03715651, -0.004516492, 0.033769142, -0.0074752127, -0.02323066, 0.0278517, 0.018620076, 0.007950908, -0.049095944, 0.02458979, 0.016905481, -0.034396432, 0.019738743, -0.042216655, -0.005277082, 0.03199182, 0.0029482658, 0.011698969, -0.00950868, -0.06728737, -0.006372227, -0.015379074]"
Bảng giá thu tiền ở ký túc xá năm học 2021 – 2022,Bảng giá thu tiền ở ký túc xá năm học 2021 – 2023,"""1. Nhà KTX: F • Loại phòng: Phổ thông, Số người: 10, SV VN: 300.000 đ/tháng 2. Nhà KTX: D5 • Loại phòng: Phổ thông, Số người: 8, SV VN: 400.000 đ/tháng 3. Nhà KTX: D4 • Loại phòng: Tiêu chuẩn không có đ/thángiều hòa, Số người: 10, SV VN: 500.000 đ/tháng • Loại phòng: Tiêu chuẩn có đ/thángiều hòa, Số người: 10, SV VN: 600.000 đ/tháng 4. Nhà KTX: D6 • Loại phòng: Tiêu chuẩn không có đ/thángiều hòa, Số người: 4, SV VN: 650.000 đ /tháng, SV NN: 1.100.000 đ/tháng • Loại phòng: Tiêu chuẩn có đ/thángiều hòa, Số người: 4, SV VN: 750.000 đ/tháng, SV NN: 1.200.000 đ/tháng 5. Nhà KTX: D7 • Loại phòng: Chất lượng cao - Số người: 1, SV VN: 5.000.000 đ/tháng, SV NN: 5.000.000 đ/tháng, Giá ngày: 300.000 đ/tháng - Số người: 2, SV VN: 3.000.000 đ/tháng, SV NN: 3.000.000 đ/tháng, Giá ngày: 200.000 đ/tháng - Số người: 3, SV VN: 2.500.000 đ/tháng, SV NN: 2.500.000 đ/tháng, Giá ngày: 180.000 đ/tháng - Số người: 4, SV VN: 1.200.000 đ/tháng, SV NN: 2.000.000 đ/tháng, Giá ngày: 150.000 đ/tháng - Số người: 6 – 8, SV VN: 1.000.000 đ/tháng, SV NN: 1.500.000 đ/tháng, Giá ngày: 100.000 đ/tháng 6. Nhà KTX: D8 • Loại phòng: Tiêu chuẩn, Số người: 4, SV VN: 1.000.000 đ/tháng • Loại phòng: Chất lượng cao, Số người: 4, SV VN: 1.200.000 đ/tháng 7. Nhà KTX: D9 • Loại phòng: Chất lượng cao, Số người: 4, SV VN: 1.000.000 đ/tháng, SV NN: 1.500.000 đ/tháng 8. Nhà KTX: D10 • Loại phòng: Chất lượng cao, Số người: 6, SV VN: 1.000.000 đ/tháng, SV NN: 1.500.000 đ/tháng 9. Nhà KTX: D11-A • Loại phòng: Tiêu chuẩn, Số người: 4 – 6, SV VN: 650.000 đ/tháng, SV NN: 1.300.000 đ/tháng • Loại phòng: Chất",https://hanu.edu.vn/a/83880/QUY-TRINH-DANG-KY-TRUC-TUYEN-O-KY-TUC-XA-NAM-HOC-2021-2022/,,"Title: Bảng giá thu tiền ở ký túc xá năm học 2021 – 2022
Summary: Bảng giá thu tiền ở ký túc xá năm học 2021 – 2023
Content: ""1. Nhà KTX: F • Loại phòng: Phổ thông, Số người: 10, SV VN: 300.000 đ/tháng 2. Nhà KTX: D5 • Loại phòng: Phổ thông, Số người: 8, SV VN: 400.000 đ/tháng 3. Nhà KTX: D4 • Loại phòng: Tiêu chuẩn không có đ/thángiều hòa, Số người: 10, SV VN: 500.000 đ/tháng • Loại phòng: Tiêu chuẩn có đ/thángiều hòa, Số người: 10, SV VN: 600.000 đ/tháng 4. Nhà KTX: D6 • Loại phòng: Tiêu chuẩn không có đ/thángiều hòa, Số người: 4, SV VN: 650.000 đ /tháng, SV NN: 1.100.000 đ/tháng • Loại phòng: Tiêu chuẩn có đ/thángiều hòa, Số người: 4, SV VN: 750.000 đ/tháng, SV NN: 1.200.000 đ/tháng 5. Nhà KTX: D7 • Loại phòng: Chất lượng cao - Số người: 1, SV VN: 5.000.000 đ/tháng, SV NN: 5.000.000 đ/tháng, Giá ngày: 300.000 đ/tháng - Số người: 2, SV VN: 3.000.000 đ/tháng, SV NN: 3.000.000 đ/tháng, Giá ngày: 200.000 đ/tháng - Số người: 3, SV VN: 2.500.000 đ/tháng, SV NN: 2.500.000 đ/tháng, Giá ngày: 180.000 đ/tháng - Số người: 4, SV VN: 1.200.000 đ/tháng, SV NN: 2.000.000 đ/tháng, Giá ngày: 150.000 đ/tháng - Số người: 6 – 8, SV VN: 1.000.000 đ/tháng, SV NN: 1.500.000 đ/tháng, Giá ngày: 100.000 đ/tháng 6. Nhà KTX: D8 • Loại phòng: Tiêu chuẩn, Số người: 4, SV VN: 1.000.000 đ/tháng • Loại phòng: Chất lượng cao, Số người: 4, SV VN: 1.200.000 đ/tháng 7. Nhà KTX: D9 • Loại phòng: Chất lượng cao, Số người: 4, SV VN: 1.000.000 đ/tháng, SV NN: 1.500.000 đ/tháng 8. Nhà KTX: D10 • Loại phòng: Chất lượng cao, Số người: 6, SV VN: 1.000.000 đ/tháng, SV NN: 1.500.000 đ/tháng 9. Nhà KTX: D11-A • Loại phòng: Tiêu chuẩn, Số người: 4 – 6, SV VN: 650.000 đ/tháng, SV NN: 1.300.000 đ/tháng • Loại phòng: Chất
URL: https://hanu.edu.vn/a/83880/QUY-TRINH-DANG-KY-TRUC-TUYEN-O-KY-TUC-XA-NAM-HOC-2021-2022/","Title: Bảng giá thu tiền ở ký túc xá năm học 2021 – 2022
Summary: Bảng giá thu tiền ở ký túc xá năm học 2021 – 2023
Content: ""1. Nhà KTX: F • Loại phòng: Phổ thông, Số người: 10, SV VN: 300.000 đ/tháng 2. Nhà KTX: D5 • Loại phòng: Phổ thông, Số người: 8, SV VN: 400.000 đ/tháng 3. Nhà KTX: D4 • Loại phòng: Tiêu chuẩn không có đ/thángiều hòa, Số người: 10, SV VN: 500.000 đ/tháng • Loại phòng: Tiêu chuẩn có đ/thángiều hòa, Số người: 10, SV VN: 600.000 đ/tháng 4. Nhà KTX: D6 • Loại phòng: Tiêu chuẩn không có đ/thángiều hòa, Số người: 4, SV VN: 650.000 đ /tháng, SV NN: 1.100.000 đ/tháng • Loại phòng: Tiêu chuẩn có đ/thángiều hòa, Số người: 4, SV VN: 750.000 đ/tháng, SV NN: 1.200.000 đ/tháng 5. Nhà KTX: D7 • Loại phòng: Chất lượng cao - Số người: 1, SV VN: 5.000.000 đ/tháng, SV NN: 5.000.000 đ/tháng, Giá ngày: 300.000 đ/tháng - Số người: 2, SV VN: 3.000.000 đ/tháng, SV NN: 3.000.000 đ/tháng, Giá ngày: 200.000 đ/tháng - Số người: 3, SV VN: 2.500.000 đ/tháng, SV NN: 2.500.000 đ/tháng, Giá ngày: 180.000 đ/tháng - Số người: 4, SV VN: 1.200.000 đ/tháng, SV NN: 2.000.000 đ/tháng, Giá ngày: 150.000 đ/tháng - Số người: 6 – 8, SV VN: 1.000.000 đ/tháng, SV NN: 1.500.000 đ/tháng, Giá ngày: 100.000 đ/tháng 6. Nhà KTX: D8 • Loại phòng: Tiêu chuẩn, Số người: 4, SV VN: 1.000.000 đ/tháng • Loại phòng: Chất lượng cao, Số người: 4, SV VN: 1.200.000 đ/tháng 7. Nhà KTX: D9 • Loại phòng: Chất lượng cao, Số người: 4, SV VN: 1.000.000 đ/tháng, SV NN: 1.500.000 đ/tháng 8. Nhà KTX: D10 • Loại phòng: Chất lượng cao, Số người: 6, SV VN: 1.000.000 đ/tháng, SV NN: 1.500.000 đ/tháng 9. Nhà KTX: D11-A • Loại phòng: Tiêu chuẩn, Số người: 4 – 6, SV VN: 650.000 đ/tháng, SV NN: 1.300.000 đ/tháng • Loại phòng: Chất","[-0.05527948, -0.02013265, 0.020283192, -0.028563071, 0.03580922, 0.008987431, -0.019921888, 0.050582528, 0.0077078138, -0.056764837, -0.019480295, 0.028101405, 0.010517954, 0.007391673, 0.019610766, 0.0073063653, -0.0025567259, -0.013589037, 0.005399484, -0.003068573, 0.009569532, 0.0020712242, -0.030409735, -0.03914124, 0.037214287, -0.012003314, -0.004282955, -0.017974863, -0.0035427841, -0.021858878, -0.0039893957, -0.03352096, 0.049217604, -0.02840249, -0.015797004, 0.034163278, -0.0042177197, 0.057126142, 0.02137714, -0.057246577, 0.051465716, 0.027760172, -0.0101064695, 0.022922717, -0.027418941, 0.031995457, -0.02262163, -0.058972806, 0.00259938, 0.04909717, -0.0060719107, -0.007165858, -0.034042843, 0.00069626246, -0.004099794, -0.00753218, -0.016198453, 0.009689966, 0.06924989, -0.0055600638, 0.03402277, -0.021577865, 0.021015836, 0.04797311, 0.021357067, -0.005028144, 0.0017525742, 0.0012526452, 0.0055149007, 0.011752409, -0.031895094, 0.02980756, 0.015265084, -0.007818212, 0.019711128, 0.011752409, -0.046287026, 0.032075744, 0.017563378, -0.03249727, 0.019159136, 0.02410699, 0.0071357493, 0.060658887, 0.040486094, -0.03384212, -0.030750966, 0.031573936, -0.028422562, -0.015395555, -0.019259498, 0.013117334, -0.0119129885, -0.038518995, 0.07125713, -0.024367932, -0.022059603, -0.038177766, -0.015817076, 0.0015016688, 0.02376576, 0.012725921, 0.033661466, 0.0065636854, 0.013077189, -0.0136091085, -0.019871708, 0.032316614, -0.05150586, -0.003071082, -0.030309372, 0.012163893, 0.02864336, 0.017262291, -0.018396383, 0.01779421, -0.017382726, -0.029365968, -0.0049026916, 0.007190949, 0.045845434, -0.027238289, 0.026595972, 0.017332545, -0.03623074, 0.029024737, 0.0014765783, -0.007752977, -0.014974034, -0.018235805, 0.009022558, 0.01935986, -0.0076526147, 0.040807255, -0.009509315, -0.014562549, -0.022461051, 0.056684546, -0.021236632, -0.027097782, 0.05371383, 0.0037560537, 0.048494995, 0.04219225, 0.004240301, -0.012796175, -0.0105580995, 0.003392241, -0.029285679, 0.008907141, 0.002087533, -0.000529724, 0.021738444, -0.019480295, -0.005670462, -0.020222975, -0.04704978, 0.091289416, -0.009865601, 0.035909582, -0.019369897, -0.026314957, 0.0011642011, 0.03472531, -0.025110612, 0.043396596, -0.04267399, -0.035508133, -0.055359766, -0.019460222, 0.02434786, -0.0036556916, 0.01551599, 0.016208488, 0.018316094, -0.052108034, 0.019319715, -0.00078972476, -0.01703146, 0.03747523, -0.00089196867, 0.003535257, 0.008028973, -0.023123441, 0.0018529363, -0.058731936, -0.04383819, -0.009920799, -0.0072712386, 0.028703578, -0.0038564159, -0.049659196, 0.023544962, -0.023846049, -0.00949426, -0.0022368217, -0.003670746, -0.008736526, 0.01039752, -0.02972727, 0.00872649, 0.019660946, -0.008239733, -0.04640746, 0.03336038, -0.02673648, -0.017011385, 0.007702796, 0.007120695, -0.022701921, 0.030510096, 0.014120956, -0.0014891236, 0.0048625465, -0.032798354, -0.011079982, -0.031754587, 0.003904088, 0.026214596, 0.047571663, 0.01952044, -0.006142164, -0.018848013, 0.0088669965, 0.01919928, 0.051626295, 0.030550241, -0.008691363, 0.002164059, -0.05527948, -0.02896452, 0.031312995, -0.03406292, -0.06860757, 0.03930182, -0.043356452, -0.00623249, 0.010658462, -0.077238716, -0.00389907, -0.018998556, -0.021196488, -0.0063880514, 0.020815112, 0.012946718, -0.032236326, 0.0076526147, -0.025351482, -0.003620565, 0.05885237, 0.008028973, 0.044279784, 0.011320852, -0.04267399, -0.019691056, -0.015455772]"
Bảng giá thu tiền ở ký túc xá năm học 2021 – 2022,Bảng giá thu tiền ở ký túc xá năm học 2021 – 2023,"lượng cao - Số người: 1, SV VN: 4.000.000 đ/tháng, SV NN: 4.000.000 đ/tháng, Giá ngày: 250.000 đ/tháng - Số người: 2, SV VN: 2.200.000 đ/tháng, SV NN: 2.200.000 đ/tháng, Giá ngày: 150.000 đ/tháng - Số người: 4 – 6, SV VN: 1.000.000 đ/tháng, SV NN: 1.500.000 đ/tháng, Giá ngày: 100.000 đ/tháng 10. Nhà KTX: D11-B • Loại phòng: Tiêu chuẩn, Số người: 6 – 8, SV VN: 650.000 đ/tháng, SV NN: 1.300.000 đ/tháng • Loại phòng: Chất lượng cao, Số người: 6 – 8, SV VN: 1.000.000 đ/tháng, SV NN: 1.500.000 đ/tháng""",https://hanu.edu.vn/a/83880/QUY-TRINH-DANG-KY-TRUC-TUYEN-O-KY-TUC-XA-NAM-HOC-2021-2022/,,"Title: Bảng giá thu tiền ở ký túc xá năm học 2021 – 2022
Summary: Bảng giá thu tiền ở ký túc xá năm học 2021 – 2023
Content: lượng cao - Số người: 1, SV VN: 4.000.000 đ/tháng, SV NN: 4.000.000 đ/tháng, Giá ngày: 250.000 đ/tháng - Số người: 2, SV VN: 2.200.000 đ/tháng, SV NN: 2.200.000 đ/tháng, Giá ngày: 150.000 đ/tháng - Số người: 4 – 6, SV VN: 1.000.000 đ/tháng, SV NN: 1.500.000 đ/tháng, Giá ngày: 100.000 đ/tháng 10. Nhà KTX: D11-B • Loại phòng: Tiêu chuẩn, Số người: 6 – 8, SV VN: 650.000 đ/tháng, SV NN: 1.300.000 đ/tháng • Loại phòng: Chất lượng cao, Số người: 6 – 8, SV VN: 1.000.000 đ/tháng, SV NN: 1.500.000 đ/tháng""
URL: https://hanu.edu.vn/a/83880/QUY-TRINH-DANG-KY-TRUC-TUYEN-O-KY-TUC-XA-NAM-HOC-2021-2022/","Title: Bảng giá thu tiền ở ký túc xá năm học 2021 – 2022
Summary: Bảng giá thu tiền ở ký túc xá năm học 2021 – 2023
Content: lượng cao - Số người: 1, SV VN: 4.000.000 đ/tháng, SV NN: 4.000.000 đ/tháng, Giá ngày: 250.000 đ/tháng - Số người: 2, SV VN: 2.200.000 đ/tháng, SV NN: 2.200.000 đ/tháng, Giá ngày: 150.000 đ/tháng - Số người: 4 – 6, SV VN: 1.000.000 đ/tháng, SV NN: 1.500.000 đ/tháng, Giá ngày: 100.000 đ/tháng 10. Nhà KTX: D11-B • Loại phòng: Tiêu chuẩn, Số người: 6 – 8, SV VN: 650.000 đ/tháng, SV NN: 1.300.000 đ/tháng • Loại phòng: Chất lượng cao, Số người: 6 – 8, SV VN: 1.000.000 đ/tháng, SV NN: 1.500.000 đ/tháng""","[-0.050838117, -0.024469553, 0.021166064, -0.0107610645, 0.032876633, 0.010948987, -0.0031279288, 0.056416463, 0.011473194, -0.056337334, -0.008412027, 0.0379011, 0.005410204, 0.01837689, 0.036318593, 0.020790217, -0.013659035, -0.01864394, 0.014015099, -0.009272516, -0.0018347219, 0.006824572, -0.046051025, -0.035982307, 0.057801157, -0.027100474, 0.023025513, -0.027337851, -0.011028113, -0.012887562, -0.025339933, -0.02688288, 0.022293601, -0.02154191, -0.015548156, 0.013115047, -0.012571059, 0.04885998, 0.006438835, -0.054200947, 0.014618431, 0.020335246, 0.011245708, 0.041105684, -0.024825618, 0.020434152, -0.022174913, -0.08110361, 0.012353464, 0.05190631, 0.0045052064, -0.004735165, -0.012709529, 0.02530037, -0.005049194, 0.012491934, -0.011483084, 0.020651748, 0.0466049, -0.014410727, 0.016695475, -0.015567937, 0.016230613, 0.05060074, 0.023005731, -0.021304533, -0.006374546, 0.013550237, 0.01004399, 0.0005016431, -0.026665283, 0.023381578, 0.025636652, -0.0062706936, 0.012571059, 0.01229412, -0.07441751, 0.015142637, 0.015943782, -0.022590322, 0.031848002, 0.019593446, 0.022451853, 0.07275587, 0.021304533, -0.030107243, -0.029751178, 0.033964608, -0.022610104, -0.015538265, -0.025142118, 0.015983345, 0.010226967, -0.050838117, 0.047237907, -0.030028116, -0.03339095, -0.036081214, -0.0048044, -0.0022971113, 0.0066613755, 0.02009787, 0.022234257, 0.0016146542, 0.018614268, 0.0042579393, -0.022155132, 0.008876889, -0.06144093, -0.004994795, -0.029474238, 0.037505474, 0.030977622, -0.005133265, -0.009450548, 0.0323821, -0.0008431808, -0.024647584, 0.00056655076, 0.0062360764, 0.068364404, -0.040868305, 0.018050497, 0.010167623, -0.03499324, 0.016042689, -0.017051538, 0.009539565, -0.017002085, -0.023025513, 0.0053706416, 0.026704846, -0.011502866, 0.035764713, -0.019741805, -0.01142374, -0.020137433, 0.06599064, -0.008357628, -0.03285685, 0.055625208, 0.019019784, 0.056456026, 0.011305052, -0.0035359196, -0.0077641867, -0.00079310924, 0.02110672, -0.02979074, 0.0142228035, -0.0005257517, 0.00011042022, 0.021185845, -0.015281106, 0.0044606985, -0.027060911, -0.041896936, 0.08569288, -0.030997403, 0.03137325, -0.01982093, -0.013520565, -0.012027072, 0.025419058, -0.017457057, 0.03930558, -0.05158981, -0.024924524, -0.04684228, -0.011938056, 0.016893288, -0.0025592146, 0.035448212, 0.019563774, 0.038375854, -0.055783458, 0.02832692, 0.0041985954, -0.008990631, 0.047673095, -0.01607236, -0.0036644985, 0.0045942226, -0.024390427, -0.0021846048, -0.03817804, -0.02876211, -0.018782409, 0.004455753, 0.017110884, 0.006750392, -0.059621044, 0.020453934, -0.028742328, 0.0053310785, 0.017605418, 0.0009148883, -0.019059349, 0.0128677795, -0.037188973, 0.014964605, 0.025320152, -0.015132747, -0.040413335, 0.026803754, -0.021640817, -0.018080171, -0.00074056495, -0.0009043794, -0.01344144, 0.046367526, 0.029751178, 0.013807395, -0.007709788, -0.04573452, -0.006755337, -0.012195214, -0.00018282312, 0.021185845, 0.053409692, 0.0135304555, -0.02530037, -0.0054843845, 0.0024899796, 0.00016257812, 0.033470076, 0.036239468, 0.009767051, -0.011641335, -0.06788965, -0.028841235, 0.022333164, -0.011789695, -0.070105165, 0.024568459, -0.020355027, 0.007576264, 0.013579909, -0.08007498, 0.003029022, -0.014272257, -0.01258095, -0.0018038135, 0.02994899, 0.009292298, -0.026487252, 0.0029029157, -0.029177519, 0.025557527, 0.06579283, -0.01864394, 0.027535664, 0.01708121, -0.03412286, -0.025953155, -0.023500266]"
Hướng dẫn thanh toán trực tuyến tiền ở Ký túc xá,Hướng dẫn thanh toán trực tuyến tiền ở Ký túc xá,"""I. Nộp tiền tạm ứng 1.000.000đ: Nộp tiền tạm ứng ký túc xá trực tiếp vào tài khoản của Trường theo thông tin sau:Tên tài khoản: TRUONG DAI HOC HA NOI Số tài khoản: 21510001668877 Ngân hàng: Đầu tư và Phát triển Việt Nam (BIDV), chi nhánh Cầu Giấy. Nội dung: Họ và tên_ Mã sinh viên _Nộp tiền tạm ứng KTX. (VD: Nguyễn Văn B_1907040015_Nộp tiền tạm ứng KTX) II.Thanh toán tiền ở KTX sau khi đã làm Hợp đồng: 1. Thanh toán tiền ở ký túc xá (KTX) qua tài khoản Ngân hàng Đầu tư và Phát triển Việt Nam (BIDV) (miễn phí) Cách 1. Thanh toán qua ứng dụng SmartBanking của BIDV Bước 1: Người ở truy cập vào ứng dụng BIDV SmartBanking trên điện thoại. Bước 2: Chọn mục “Thanh toán” → “Học phí_Lệ phí thi_trường học” → Nhà cung cấp chọn “Thu hộ học phí Đại học Hà Nội” → Chọn dịch vụ “Đại học Hà Nội - Phí KTX” → nhập mã lưu trú (mã sinh viên hoặc mã khách hàng do KTX cung cấp), hệ thống sẽ tự động cập nhật số tiền thanh toán và tên người ở. Bước 3: Xác nhận thanh toán và nhập mã PIN. Bước 4: Hệ thống tự động trả kết quả thanh toán cho người ở. Lưu ý:Người ở KHÔNG thanh toán tiền ở KTX bằng hình thức chuyển khoản trực tiếp vào tài khoản của Trường Đại học Hà Nội. Cách 2. Thanh toán qua hệ thống ATM (miễn phí) Bước 1: Người ở đến máy ATM của BIDV, dùng thẻ đăng nhập. Bước 2: Chọn “DV Giá trị gia tăng”, chọn dịch vụ thanh toán phí KTX, nhập mã lưu trú, hệ thống tự động cập nhật số tiền thanh toán và tên người",https://hanu.vn/a/83892/Huong-dan-thanh-toan-truc-tuyen-tien-o-Ky-tuc-xa,,"Title: Hướng dẫn thanh toán trực tuyến tiền ở Ký túc xá
Summary: Hướng dẫn thanh toán trực tuyến tiền ở Ký túc xá
Content: ""I. Nộp tiền tạm ứng 1.000.000đ: Nộp tiền tạm ứng ký túc xá trực tiếp vào tài khoản của Trường theo thông tin sau:Tên tài khoản: TRUONG DAI HOC HA NOI Số tài khoản: 21510001668877 Ngân hàng: Đầu tư và Phát triển Việt Nam (BIDV), chi nhánh Cầu Giấy. Nội dung: Họ và tên_ Mã sinh viên _Nộp tiền tạm ứng KTX. (VD: Nguyễn Văn B_1907040015_Nộp tiền tạm ứng KTX) II.Thanh toán tiền ở KTX sau khi đã làm Hợp đồng: 1. Thanh toán tiền ở ký túc xá (KTX) qua tài khoản Ngân hàng Đầu tư và Phát triển Việt Nam (BIDV) (miễn phí) Cách 1. Thanh toán qua ứng dụng SmartBanking của BIDV Bước 1: Người ở truy cập vào ứng dụng BIDV SmartBanking trên điện thoại. Bước 2: Chọn mục “Thanh toán” → “Học phí_Lệ phí thi_trường học” → Nhà cung cấp chọn “Thu hộ học phí Đại học Hà Nội” → Chọn dịch vụ “Đại học Hà Nội - Phí KTX” → nhập mã lưu trú (mã sinh viên hoặc mã khách hàng do KTX cung cấp), hệ thống sẽ tự động cập nhật số tiền thanh toán và tên người ở. Bước 3: Xác nhận thanh toán và nhập mã PIN. Bước 4: Hệ thống tự động trả kết quả thanh toán cho người ở. Lưu ý:Người ở KHÔNG thanh toán tiền ở KTX bằng hình thức chuyển khoản trực tiếp vào tài khoản của Trường Đại học Hà Nội. Cách 2. Thanh toán qua hệ thống ATM (miễn phí) Bước 1: Người ở đến máy ATM của BIDV, dùng thẻ đăng nhập. Bước 2: Chọn “DV Giá trị gia tăng”, chọn dịch vụ thanh toán phí KTX, nhập mã lưu trú, hệ thống tự động cập nhật số tiền thanh toán và tên người
URL: https://hanu.vn/a/83892/Huong-dan-thanh-toan-truc-tuyen-tien-o-Ky-tuc-xa","Title: Hướng dẫn thanh toán trực tuyến tiền ở Ký túc xá
Summary: Hướng dẫn thanh toán trực tuyến tiền ở Ký túc xá
Content: ""I. Nộp tiền tạm ứng 1.000.000đ: Nộp tiền tạm ứng ký túc xá trực tiếp vào tài khoản của Trường theo thông tin sau:Tên tài khoản: TRUONG DAI HOC HA NOI Số tài khoản: 21510001668877 Ngân hàng: Đầu tư và Phát triển Việt Nam (BIDV), chi nhánh Cầu Giấy. Nội dung: Họ và tên_ Mã sinh viên _Nộp tiền tạm ứng KTX. (VD: Nguyễn Văn B_1907040015_Nộp tiền tạm ứng KTX) II.Thanh toán tiền ở KTX sau khi đã làm Hợp đồng: 1. Thanh toán tiền ở ký túc xá (KTX) qua tài khoản Ngân hàng Đầu tư và Phát triển Việt Nam (BIDV) (miễn phí) Cách 1. Thanh toán qua ứng dụng SmartBanking của BIDV Bước 1: Người ở truy cập vào ứng dụng BIDV SmartBanking trên điện thoại. Bước 2: Chọn mục “Thanh toán” → “Học phí_Lệ phí thi_trường học” → Nhà cung cấp chọn “Thu hộ học phí Đại học Hà Nội” → Chọn dịch vụ “Đại học Hà Nội - Phí KTX” → nhập mã lưu trú (mã sinh viên hoặc mã khách hàng do KTX cung cấp), hệ thống sẽ tự động cập nhật số tiền thanh toán và tên người ở. Bước 3: Xác nhận thanh toán và nhập mã PIN. Bước 4: Hệ thống tự động trả kết quả thanh toán cho người ở. Lưu ý:Người ở KHÔNG thanh toán tiền ở KTX bằng hình thức chuyển khoản trực tiếp vào tài khoản của Trường Đại học Hà Nội. Cách 2. Thanh toán qua hệ thống ATM (miễn phí) Bước 1: Người ở đến máy ATM của BIDV, dùng thẻ đăng nhập. Bước 2: Chọn “DV Giá trị gia tăng”, chọn dịch vụ thanh toán phí KTX, nhập mã lưu trú, hệ thống tự động cập nhật số tiền thanh toán và tên người","[-0.045919545, -0.029473588, 0.0010189705, -0.01196415, 0.031334676, -0.073114246, -0.040108386, 0.054465365, 0.004871118, -0.05085713, -0.008973112, 0.015923712, -0.00017803794, -0.0027132982, 0.025675444, -0.0024925312, -0.017908243, 0.010150536, 0.008702494, 0.004712071, -0.0023512878, 0.040678106, 0.021231618, 0.0019097537, 0.025390584, -0.05431344, 0.0030005327, -0.027023785, -0.016616873, -0.057921674, -0.024403067, -0.020984739, 0.012448412, -0.0015596123, -0.039538667, 0.069847845, -0.011650803, 0.058985155, -0.0023049978, -0.042843048, 0.025181687, 0.009238982, -0.025124714, -0.0016272668, -0.012182543, 0.05720003, -0.016189583, -0.03811436, -0.009533338, 0.011270989, 0.00578742, -0.018212095, 0.0026207184, 0.0190192, -0.05268024, -0.012324973, 0.019323051, -0.022200143, 0.044476252, -0.018041177, -0.016294032, -0.019237593, -0.042197365, 0.016294032, 0.011679289, 0.0069316104, 0.012400935, 0.0022860072, -0.023548484, 0.03008129, -0.053667758, 0.022257116, 0.02316867, 0.0398805, 0.015790777, -0.012097084, -0.037221797, 0.040298294, 0.030556059, -0.041171867, 0.019418005, -0.030537067, -0.028448088, 0.019541444, -0.010254986, -0.039804537, -0.068480514, -0.0044509484, -0.0316955, -0.06935409, 0.0035963664, 0.046945043, 0.0049423333, 0.014404456, 0.04713495, 0.01384423, -0.037449688, -0.047248896, 0.008170755, -0.037601613, 0.027897358, 0.010416406, 0.03915885, -0.0047405567, 0.021915283, 0.020339053, -0.016654857, 0.029663494, -0.04633734, 0.01903819, -0.041171867, -0.023301605, 0.08545821, 0.0064853285, 0.051198963, 0.020016212, -0.014129091, -0.0148982145, 0.0052271937, -0.018088654, 0.0071832375, 0.00036646143, -0.008374904, 0.007895389, -0.0062954216, 0.02634012, -0.032341186, 0.042007457, -0.005963084, 0.0070313117, 0.032322194, 0.016778296, -0.0072117234, 0.02049098, 0.017936729, -0.004106742, -0.0075345654, 0.054769218, 0.0025328863, -0.008593298, 0.04345075, 0.017461961, 0.019389518, 0.052908126, -0.027403599, -0.024896825, -0.03511383, 0.0022848202, -0.013122583, 0.018278562, 0.0068414044, 0.0018420992, 0.007643762, -0.049983557, 0.0037245536, 0.0026302137, -0.0441724, 0.06369485, -0.05773177, 0.02128859, -0.016407976, -0.0077529587, 0.015714815, 0.012524376, -0.050515298, -0.0025518772, -0.03321476, -0.051350888, -0.018420992, 0.023814354, -0.061681837, -0.037088864, 0.043222863, 0.024042243, -0.014926701, -0.034468144, 0.001417182, 0.019598417, -0.0095238425, 0.01198314, -0.03857014, 0.005621251, 0.029739456, -0.045425788, -0.013597351, -0.002639709, -0.002521017, -0.0155913755, -0.007938118, 0.04842632, 0.028619004, -0.036766022, -0.024915816, -0.04386855, -0.038456194, 0.028163228, -0.023206651, 0.0394627, -0.018354524, -0.014584868, 0.03621529, -0.0047714165, -0.019598417, 0.054959126, -0.020585934, -0.0043156394, 0.00057120505, 0.021383543, 0.014347484, -0.026454063, 0.031258713, -0.034449153, -0.033917412, -0.016711827, -0.032910906, 0.01903819, 0.010767735, 0.02793534, -0.0045269113, -0.011888186, 0.021991245, -0.021972256, -0.0062764306, 0.012002131, -1.993654e-05, 0.028827902, 0.033746496, -0.0057636816, -0.009310197, -0.09054772, 0.016882744, 0.03378448, -0.007686491, -0.002053371, 0.037164826, -0.04360268, -0.017642373, -0.0070313117, -0.06794877, -0.0034254498, -0.03969059, 0.02185831, -0.019427499, -0.021345561, -0.009827694, -0.03273999, -0.022921791, 0.00498981, 0.008840177, 0.025067741, 0.015562889, 0.024953797, -0.009163019, -0.03972857, -0.031087797, -0.014167072]"
Hướng dẫn thanh toán trực tuyến tiền ở Ký túc xá,Hướng dẫn thanh toán trực tuyến tiền ở Ký túc xá,"ở. Bước 3: BIDV trả kết quả gạch nợ phí KTX cho người ở. 2. Thanh toán tiền ở KTX tại quầy giao dịch của NH BIDV (phải trả phí theo quy định của ngân hàng BIDV) Người ở nộp tiền Ký túc xá đến các quầy giao dịch của BIDV và cung cấpthông tin sau để ngân hàng vào chương trình thu tiền Ký túc xá trực tiếp cho trường ĐH Hà Nội. - Họ tên. - Ngày tháng năm sinh. - Mã lưu trú (mã sinh viên hoặc mã khách hàng do KTX cung cấp). - Nộp tiền Ký túc xá cho trường Đại học Hà Nội. VD: Nguyễn Văn A, ngày sinh 21/02/1999, mã lưu trú: 1907040015 nộp tiền Ký túc xá cho Trường Đại học Hà Nội. 3. Thanh toán tiền ở KTX qua hệ thống ngân hàng khác ngân hàng BIDV (phải trả phí theo quy định của từng ngân hàng) Người ở vào mục chuyển tiền trong nước trên ứng dụng E-Banking của các ngân hàng và thanh toán tiền ở KTX theo thông tin sau: Tên tài khoản: TRUONG DAI HOC HA NOI Số tài khoản:21510002979688 Ngân hàng: Đầu tư và Phát triển Việt Nam (BIDV), chi nhánh Cầu Giấy. Nội dung: Mã lưu trú_Họ và tên_KTX. Lưu ý: Người ở KHÔNG sử dụng dịch vụ chuyển tiền nhanh 24/7 trên ứng dụng E-Banking của các ngân hàng để nộp tiền ở KTX. 4. Trường hợp đặc biệt không thực hiện thanh toán được bằng 3 hình thức trên thì người ở có thể nộp tiền ký túc xá trực tiếp vào tài khoản của Trường theo thông tin sau:(phải trả phí theo quy định của ngân hàng) Tên tài khoản: TRUONG DAI HOC HA NOI Số tài khoản: 21510001668877 Ngân hàng: Đầu",https://hanu.vn/a/83892/Huong-dan-thanh-toan-truc-tuyen-tien-o-Ky-tuc-xa,,"Title: Hướng dẫn thanh toán trực tuyến tiền ở Ký túc xá
Summary: Hướng dẫn thanh toán trực tuyến tiền ở Ký túc xá
Content: ở. Bước 3: BIDV trả kết quả gạch nợ phí KTX cho người ở. 2. Thanh toán tiền ở KTX tại quầy giao dịch của NH BIDV (phải trả phí theo quy định của ngân hàng BIDV) Người ở nộp tiền Ký túc xá đến các quầy giao dịch của BIDV và cung cấpthông tin sau để ngân hàng vào chương trình thu tiền Ký túc xá trực tiếp cho trường ĐH Hà Nội. - Họ tên. - Ngày tháng năm sinh. - Mã lưu trú (mã sinh viên hoặc mã khách hàng do KTX cung cấp). - Nộp tiền Ký túc xá cho trường Đại học Hà Nội. VD: Nguyễn Văn A, ngày sinh 21/02/1999, mã lưu trú: 1907040015 nộp tiền Ký túc xá cho Trường Đại học Hà Nội. 3. Thanh toán tiền ở KTX qua hệ thống ngân hàng khác ngân hàng BIDV (phải trả phí theo quy định của từng ngân hàng) Người ở vào mục chuyển tiền trong nước trên ứng dụng E-Banking của các ngân hàng và thanh toán tiền ở KTX theo thông tin sau: Tên tài khoản: TRUONG DAI HOC HA NOI Số tài khoản:21510002979688 Ngân hàng: Đầu tư và Phát triển Việt Nam (BIDV), chi nhánh Cầu Giấy. Nội dung: Mã lưu trú_Họ và tên_KTX. Lưu ý: Người ở KHÔNG sử dụng dịch vụ chuyển tiền nhanh 24/7 trên ứng dụng E-Banking của các ngân hàng để nộp tiền ở KTX. 4. Trường hợp đặc biệt không thực hiện thanh toán được bằng 3 hình thức trên thì người ở có thể nộp tiền ký túc xá trực tiếp vào tài khoản của Trường theo thông tin sau:(phải trả phí theo quy định của ngân hàng) Tên tài khoản: TRUONG DAI HOC HA NOI Số tài khoản: 21510001668877 Ngân hàng: Đầu
URL: https://hanu.vn/a/83892/Huong-dan-thanh-toan-truc-tuyen-tien-o-Ky-tuc-xa","Title: Hướng dẫn thanh toán trực tuyến tiền ở Ký túc xá
Summary: Hướng dẫn thanh toán trực tuyến tiền ở Ký túc xá
Content: ở. Bước 3: BIDV trả kết quả gạch nợ phí KTX cho người ở. 2. Thanh toán tiền ở KTX tại quầy giao dịch của NH BIDV (phải trả phí theo quy định của ngân hàng BIDV) Người ở nộp tiền Ký túc xá đến các quầy giao dịch của BIDV và cung cấpthông tin sau để ngân hàng vào chương trình thu tiền Ký túc xá trực tiếp cho trường ĐH Hà Nội. - Họ tên. - Ngày tháng năm sinh. - Mã lưu trú (mã sinh viên hoặc mã khách hàng do KTX cung cấp). - Nộp tiền Ký túc xá cho trường Đại học Hà Nội. VD: Nguyễn Văn A, ngày sinh 21/02/1999, mã lưu trú: 1907040015 nộp tiền Ký túc xá cho Trường Đại học Hà Nội. 3. Thanh toán tiền ở KTX qua hệ thống ngân hàng khác ngân hàng BIDV (phải trả phí theo quy định của từng ngân hàng) Người ở vào mục chuyển tiền trong nước trên ứng dụng E-Banking của các ngân hàng và thanh toán tiền ở KTX theo thông tin sau: Tên tài khoản: TRUONG DAI HOC HA NOI Số tài khoản:21510002979688 Ngân hàng: Đầu tư và Phát triển Việt Nam (BIDV), chi nhánh Cầu Giấy. Nội dung: Mã lưu trú_Họ và tên_KTX. Lưu ý: Người ở KHÔNG sử dụng dịch vụ chuyển tiền nhanh 24/7 trên ứng dụng E-Banking của các ngân hàng để nộp tiền ở KTX. 4. Trường hợp đặc biệt không thực hiện thanh toán được bằng 3 hình thức trên thì người ở có thể nộp tiền ký túc xá trực tiếp vào tài khoản của Trường theo thông tin sau:(phải trả phí theo quy định của ngân hàng) Tên tài khoản: TRUONG DAI HOC HA NOI Số tài khoản: 21510001668877 Ngân hàng: Đầu","[-0.05292517, -0.025853375, 0.010109088, 0.0075342217, 0.050221797, -0.07630362, -0.03914178, 0.069450006, 0.013078989, -0.07329565, -0.008747883, 0.024844369, 0.013773871, -0.01896168, 0.028137915, -0.00070202, -0.0006211092, 0.005449579, 0.0073343245, 0.00015141025, -0.014192703, 0.038056623, 0.02625317, 0.0048570265, 0.020199139, -0.03504865, 0.0030769894, -0.0061587384, 0.0132598495, -0.057037342, -0.009399929, -0.022674058, 0.024996672, 0.00095189153, -0.04557657, 0.10227123, -0.0032340516, 0.054828953, 0.0038170852, -0.03853257, 0.018028826, 0.0079816105, -0.031717025, -0.019856459, -0.0018323913, 0.05776078, -0.021779278, -0.033411395, -0.0036052892, 0.029565752, 0.028328292, -0.01158452, -0.010347061, 0.026614888, -0.054143593, -0.014982773, -0.0036743013, -0.015972741, 0.016125042, -0.025129937, -0.0078245485, -0.039789066, -0.025244163, 0.022331376, 0.02219811, 0.020827387, 0.016620027, 0.011679709, -0.0237021, 0.036457445, -0.051744826, 0.05197328, 0.028042724, 0.050221797, 0.022350414, -0.007653208, -0.014849508, 0.0308984, 0.04142632, -0.037599716, 0.010984829, -0.050678708, -0.01817161, 0.045233887, -0.0035624541, -0.026576811, -0.06137797, -0.0013647745, -0.022502717, -0.0619491, 0.020237215, 0.020522783, -0.005240163, -0.0023583113, 0.04416777, 0.0043739416, -0.019094944, -0.035867274, -0.0043905997, -0.03784721, 0.029242108, 0.014383081, 0.04451045, -0.0002825928, 0.024178045, 0.021569863, -0.028975578, 0.027547741, -0.038513534, -0.019390032, -0.03836123, -0.018837934, 0.05734195, 0.014116552, 0.035124797, 0.028137915, -0.032097783, -0.026881417, 0.013697719, -0.01106098, 0.006901214, -0.0020596553, -0.014963735, 0.026900455, -0.005363909, 0.036933392, -0.008885908, 0.00193115, -0.0020227695, -0.002922307, 0.0040336405, 0.022635981, -0.008081559, 0.014287892, 0.0022500337, -0.018266799, -0.013050433, 0.032706995, 0.012384109, -0.009233348, 0.039979447, 0.005478136, 0.027166985, 0.02764293, -0.023416532, 0.007748397, -0.033144865, 0.0010464857, 0.006520457, 0.046033476, 0.012222287, -0.0010940804, -0.006767949, -0.04203553, 0.008414721, 0.011927201, -0.059283804, 0.07207723, -0.023150003, 0.03563882, -0.013021876, -0.009804483, 0.010765893, 0.010232834, -0.05406744, -0.011670191, -0.02195062, -0.052734792, -0.024025742, 0.02686238, -0.053153623, -0.047480352, 0.040169824, 0.03464885, -0.024082856, -0.044091616, 0.022959623, 0.018571405, 0.0018276317, 0.015458719, -0.018580923, 0.008243381, 0.046185777, -0.06168257, -0.009985343, 0.0032507097, -0.015325454, -0.020579895, -0.024711104, 0.0547528, 0.034210984, -0.02273117, -0.01896168, -0.029108843, -0.05905535, 0.043330103, -0.012536412, 0.021703128, -0.017000783, -0.014516346, 0.04633808, -0.0091381585, -0.0208845, 0.041083638, -0.0041288296, 0.0072772107, 0.01852381, -0.013069471, 0.0033601772, -0.03870391, 0.013507341, -0.029451525, -0.013554935, -0.00254631, -0.019009273, 0.017124528, -0.013364557, 0.03396349, 0.014621054, -0.011822493, 0.029622866, -0.02343557, -0.017010301, 0.008724086, 0.010956272, 0.043863162, 0.028118877, -0.020922577, -0.016867518, -0.0862033, 0.026633926, 0.039560612, -0.0054733763, -0.027852347, 0.041654773, -0.049688738, -0.036038615, 0.010194759, -0.058446143, -0.009090564, -0.02632932, 0.008457556, -0.0029960787, -0.0099567855, 0.0014885204, -0.038989477, -0.011032423, -0.011717785, 0.014468752, 0.023664024, -0.013221773, 0.02632932, -0.028632898, -0.047251895, -0.031355307, -0.009399929]"
Hướng dẫn thanh toán trực tuyến tiền ở Ký túc xá,Hướng dẫn thanh toán trực tuyến tiền ở Ký túc xá,"tư và Phát triển Việt Nam (BIDV), chi nhánh Cầu Giấy. Nội dung: Họ và tên_ Mã lưu trú _PhòngTòa nhà_KTX. (VD: Nguyễn Văn B_1907040015_Phòng 302D7_KTX)""",https://hanu.vn/a/83892/Huong-dan-thanh-toan-truc-tuyen-tien-o-Ky-tuc-xa,,"Title: Hướng dẫn thanh toán trực tuyến tiền ở Ký túc xá
Summary: Hướng dẫn thanh toán trực tuyến tiền ở Ký túc xá
Content: tư và Phát triển Việt Nam (BIDV), chi nhánh Cầu Giấy. Nội dung: Họ và tên_ Mã lưu trú _PhòngTòa nhà_KTX. (VD: Nguyễn Văn B_1907040015_Phòng 302D7_KTX)""
URL: https://hanu.vn/a/83892/Huong-dan-thanh-toan-truc-tuyen-tien-o-Ky-tuc-xa","Title: Hướng dẫn thanh toán trực tuyến tiền ở Ký túc xá
Summary: Hướng dẫn thanh toán trực tuyến tiền ở Ký túc xá
Content: tư và Phát triển Việt Nam (BIDV), chi nhánh Cầu Giấy. Nội dung: Họ và tên_ Mã lưu trú _PhòngTòa nhà_KTX. (VD: Nguyễn Văn B_1907040015_Phòng 302D7_KTX)""","[-0.043859124, -0.03167818, -0.0087834075, 0.022991294, 0.012518769, -0.06258419, -0.030674363, 0.05910944, -0.01638926, -0.062931664, 0.0034289071, 0.0014212711, 0.031755395, -0.021775128, 0.03532667, 0.027547082, -0.011399126, -0.007934023, 0.026079964, 0.010752435, -0.0024805886, 0.007991936, 0.016292738, 0.041504014, 0.027431257, -0.041967314, -0.012335379, 0.0073742014, 0.009044014, -0.043473043, -0.008493844, -0.023184335, 0.050692808, 0.022817556, 0.0131461555, 0.07544079, -0.021755826, 0.05733345, -0.0005028139, -0.041619837, 0.009584531, -0.015404746, -0.0051783496, 0.00056615577, -0.0072776806, 0.02007636, -0.012132685, -0.030655058, -0.0050239163, -0.015626743, 0.026311614, 0.0009109166, 0.010974433, 0.0009422859, -0.064476006, -0.0139183225, 0.007499679, -0.014439536, 0.038376734, -0.0050528725, 0.013638412, -0.007953327, -0.048916824, 0.014053452, -0.014352667, -0.009386663, -0.011138519, -0.011157823, -0.0248638, 0.0028280641, -0.036176056, 0.012499465, 0.01828107, 0.074668616, 0.024844496, -0.028068297, -0.038801428, 0.06883875, 0.054862514, -0.04042298, -0.012808331, -0.023473898, -0.029458197, 0.027682211, -0.011688689, -0.04822187, -0.06219811, -0.011485995, 0.0075045046, -0.00803537, 0.008638626, 0.03241174, -0.008566235, -0.003609884, 0.01307859, 0.015829438, -0.039496377, -0.0026639786, 0.013300588, -0.044322427, 0.040500198, 0.022643818, 0.053009313, -0.024342587, 0.021620696, 0.0053858696, 0.024284674, -0.017489599, -0.044554077, 0.0065585994, -0.070112824, 0.017933594, 0.067526065, 0.011061302, 0.05548025, 0.032662693, 0.0060566906, -0.005815388, 0.013126851, -0.020327315, -0.0009676226, -0.00021189367, -0.022489384, -0.007934023, -0.028705334, 0.01432371, -0.038241606, 0.02748917, -0.015404746, 0.015568831, 0.051542193, 0.010501481, 0.008971623, 0.012760071, -0.001463499, -0.013561195, -0.038434647, 0.0607696, 0.004295183, -0.019275237, 0.029728455, 0.007919545, 0.02573249, 0.024188153, -0.029303765, -0.03324182, -0.02951611, 0.0020522769, 0.026832828, 0.010105745, -0.010578698, -0.01390867, 0.0058733006, -0.06555704, -0.0030331712, 0.014343015, -0.035442498, 0.049187083, -0.051773842, 0.03426494, -0.013773541, 0.0049563516, -0.015906654, 0.027064478, -0.038666297, -0.0019991905, -0.035037108, -0.021157395, -0.0033589294, 0.017759858, -0.014999358, -0.046445888, 0.044785727, 0.023782765, -0.012576682, -0.029689848, 0.015095878, 0.016611258, -0.029670544, 0.01717108, -0.0049249823, 0.0013778367, 0.02795247, -0.018638197, -0.019622711, -0.016263783, -0.010472524, -0.0021198415, -0.015298572, 0.02845438, -0.01469049, -0.058298662, -0.0059408653, -0.0052652187, -0.035423193, 0.05212132, -0.02878255, 0.024747975, -0.004036989, -0.017518554, 0.0055692596, -0.02831925, -0.041581232, 0.047256663, -0.04424521, -0.0045654415, -0.032276608, -0.0052845227, 0.010192614, -0.035886493, 0.037276395, -0.059920214, -0.018850544, -0.007103943, -0.018628545, -0.014970401, 0.01445884, 0.027894558, 0.0015889764, -0.039728027, -0.017200036, 0.008653104, -0.031195575, 0.011958947, -0.009656922, 0.06258419, 0.005289349, -0.033820946, -0.049071256, -0.06482348, 0.043588866, 0.021466263, -0.015539875, -0.00059812836, 0.019439321, -0.00983066, -0.0069977697, 0.008387672, -0.048569348, -0.0019473104, -0.018947065, 0.041928705, -0.019275237, -0.019082194, 0.009700357, -0.0027363694, 0.008937841, -0.022296343, 0.035230152, 0.039689418, 0.0024250892, 0.01874437, -0.044978768, -0.023358073, -0.018985674, -0.006930205]"
Giới thiệu Ký túc xá Trường Đại học Hà Nội năm học 2021 - 2022,Giới thiệu Ký túc xá Trường Đại học Hà Nội năm học 2021 - 2023,Giới thiệu Ký túc xá Trường Đại học Hà Nội năm học 2021 - 2024: https://hanu.edu.vn/a/83883/Gioi-thieu-Ky-tuc-xa-Truong-Dai-hoc-Ha-Noi-nam-hoc-2021-2022/,https://hanu.edu.vn/a/83883/Gioi-thieu-Ky-tuc-xa-Truong-Dai-hoc-Ha-Noi-nam-hoc-2021-2022/,,"Title: Giới thiệu Ký túc xá Trường Đại học Hà Nội năm học 2021 - 2022
Summary: Giới thiệu Ký túc xá Trường Đại học Hà Nội năm học 2021 - 2023
Content: Giới thiệu Ký túc xá Trường Đại học Hà Nội năm học 2021 - 2024: https://hanu.edu.vn/a/83883/Gioi-thieu-Ky-tuc-xa-Truong-Dai-hoc-Ha-Noi-nam-hoc-2021-2022/
URL: https://hanu.edu.vn/a/83883/Gioi-thieu-Ky-tuc-xa-Truong-Dai-hoc-Ha-Noi-nam-hoc-2021-2022/","Title: Giới thiệu Ký túc xá Trường Đại học Hà Nội năm học 2021 - 2022
Summary: Giới thiệu Ký túc xá Trường Đại học Hà Nội năm học 2021 - 2023
Content: Giới thiệu Ký túc xá Trường Đại học Hà Nội năm học 2021 - 2024: https://hanu.edu.vn/a/83883/Gioi-thieu-Ky-tuc-xa-Truong-Dai-hoc-Ha-Noi-nam-hoc-2021-2022/","[-0.05025024, -0.041432288, -0.041392025, -0.05411564, 0.0012658188, -0.023796387, -0.006230949, 0.04932415, -0.007413722, -0.034164526, -0.013307455, 0.029876344, -0.02949383, 0.014555658, 0.03466783, -0.021622097, -0.029594492, -0.0004108249, 0.005380359, 0.02077654, -0.007846567, -0.02677597, 0.012864544, 0.014978437, 0.018209672, -0.027098086, 0.005163937, 0.025668692, 0.043042872, 0.024199033, 0.015894456, -0.028225495, 0.03823125, -0.0004589537, 0.0028084568, 0.045780867, 0.03247341, 0.008057956, 0.0051060566, -0.019437741, 0.018209672, -0.02311189, -0.0044366573, -0.03541273, 0.033218306, 0.004809105, -0.005566583, -0.05628993, 0.015592472, 0.06079957, 0.013961755, -0.0039232834, 0.007011076, 0.09051485, -0.020172572, -0.0066436613, 0.0034854056, 0.030923223, -0.018491523, -0.048679918, 0.00758988, 0.0014067449, -0.014585856, 0.017776826, 0.009009208, -0.04344552, -0.016236706, -0.0235548, 0.028205361, -0.035231538, 0.023595063, 0.039559983, 0.005828303, 0.028124833, -0.016951403, 0.021078525, -0.113868326, 0.007735839, 0.042358372, -0.04686801, 0.03186944, 0.040163953, -0.008495834, -0.005511219, -0.02818523, 0.0062007504, -0.03511074, 0.017807025, -0.0060497583, -0.012975272, 0.007740872, 0.016206507, -0.01653869, 0.02111879, 0.036842123, -0.008520999, -0.016780278, -0.07324133, 0.014495261, 0.008052923, 0.0103379395, -0.015038833, 0.005131222, 0.034265187, 0.02494393, 0.012854478, -0.014585856, -0.016115911, -0.07654303, -0.018954568, -0.062772535, 0.0010368138, 0.08081108, -0.047069333, 0.015310619, -0.005002878, 0.021239584, -0.041069906, 0.004917316, 0.0027027621, 0.008646826, -0.044613194, -0.011042571, -0.015542141, 0.015501876, 0.015612604, 0.015673, 0.023454137, -0.07682488, -0.002388195, 0.008797818, -0.012804147, -0.057296544, 0.008606561, -0.027500732, -0.040989377, -0.042277846, 0.055967815, 0.0054558553, -0.017575504, 0.05612887, -0.047914892, -0.010242311, 0.026977291, 0.002103826, -0.0057477737, 0.0037521587, 0.029473698, 0.0033595788, 0.042116787, -0.023192417, 0.033822276, 0.016186375, 0.007811335, 0.0049097664, 0.021481171, -0.024501018, 0.049444947, 0.013750366, 0.017333915, 0.021400642, 0.01517976, -0.014485195, 0.0150489, -0.03245328, -0.009019273, -0.017474843, -0.025205648, -0.059229247, -0.0015891939, -0.015109296, 0.0016420413, 0.058665544, 0.023252815, 0.065309204, 0.004454273, 0.007972393, 0.00031157891, -0.022387125, 0.024279563, 0.018642517, 0.011505613, 0.01143515, -0.036459606, -0.05532358, -0.04308314, 0.019306883, -0.017394314, 0.0039232834, 0.012159914, -0.020222902, -0.0051060566, -0.010181914, -0.018119076, -0.040868584, -0.007202333, 0.019508205, -0.03456717, 0.026856497, -0.036983047, 0.0018345565, 0.044532664, -0.044895045, -0.034365848, 0.024098372, -0.013679903, 0.015985051, 0.017021865, -0.040385406, -0.010207079, 0.04747198, -0.010891578, 0.0153609505, 0.014515393, -0.050371032, 0.010589593, -0.042358372, 0.059188984, 0.044452135, -0.0052897637, 0.010161782, -0.0075294827, 0.018984765, 0.008012658, -0.011102967, 0.012008921, 0.024279563, 0.0021428324, 0.008500867, -0.020303432, 0.01248203, 0.03261434, -0.02645385, -0.030842694, 0.01496837, -0.0529077, 0.04006329, -0.0011859187, -0.030379651, 0.016387697, 1.9945533e-05, -0.0118981935, 0.023695726, 0.03474836, 0.044613194, -0.05298823, -0.020273233, -0.051417913, 0.005065792, 0.07038254, 0.014454996, 0.028306024, -0.02111879, -0.013438315, -0.017434578, -0.037466224]"
